trust,dept,beds,pred_patients,nurses_alloc,served,shortage,naive_shortage,status,solver
Airedale NHS Foundation Trust,Critical Care Adult,7.0,5.333333333333333,2.6666669527156244,5.33333367201543,0.0,0.0,optimal,none
Airedale NHS Foundation Trust,G&A Adult,357.0,348.6666666666667,69.73333358920527,348.6666674199809,0.0,8.666666666666686,optimal,none
Airedale NHS Foundation Trust,G&A Paediatric,15.0,11.666666666666666,2.9166668032997,11.66666677201831,0.0,0.0,optimal,none
Alder Hey Children's NHS Foundation Trust,G&A Paediatric,203.0,164.0,41.00000001371651,164.00000001423163,0.0,0.0,optimal,none
Ashford and St Peter's Hospitals NHS Foundation Trust,Critical Care Adult,11.0,9.666666666666666,4.8333333541772285,9.666666697520336,0.0,0.0,optimal,none
Ashford and St Peter's Hospitals NHS Foundation Trust,G&A Adult,438.0,409.0,81.80000000950753,409.00000002028736,0.0,0.0,optimal,none
Ashford and St Peter's Hospitals NHS Foundation Trust,G&A Paediatric,20.0,14.666666666666666,3.6666666709611593,14.666666670700085,0.0,0.0,optimal,none
"Barking, Havering and Redbridge University Hospitals NHS Trust",Critical Care Adult,57.0,47.333333333333336,23.666666774192866,47.33333343844435,0.0,0.0,optimal,none
"Barking, Havering and Redbridge University Hospitals NHS Trust",G&A Adult,992.0,861.6666666666666,172.33333344541717,861.6666669171956,0.0,0.0,optimal,none
"Barking, Havering and Redbridge University Hospitals NHS Trust",G&A Paediatric,39.0,33.0,8.25000005660331,33.000000043353225,0.0,0.0,optimal,none
Barnsley Hospital NHS Foundation Trust,Critical Care Adult,25.0,18.0,9.000000185453846,18.000000209826013,0.0,0.0,optimal,none
Barnsley Hospital NHS Foundation Trust,G&A Adult,469.0,457.6666666666667,91.53333347495823,457.6666670568383,0.0,12.666666666666686,optimal,none
Barnsley Hospital NHS Foundation Trust,G&A Paediatric,8.0,5.0,1.2500000989465652,5.000000055730892,0.0,0.0,optimal,none
Barts Health NHS Trust,Critical Care Adult,112.0,105.0,52.50000003743315,105.0000000195463,0.0,1.0,optimal,none
Barts Health NHS Trust,G&A Adult,1527.0,1395.3333333333333,279.0666667306,1395.3333334819613,0.0,10.333333333333258,optimal,none
Barts Health NHS Trust,G&A Paediatric,161.0,122.33333333333331,30.58333340976115,122.33333349501542,0.0,0.0,optimal,none
Bedfordshire Hospitals NHS Foundation Trust,Critical Care Adult,26.0,16.333333333333332,8.166666852622665,16.333333417416124,0.0,0.0,optimal,none
Bedfordshire Hospitals NHS Foundation Trust,G&A Adult,980.0,955.6666666666666,191.13333381321902,955.6666681650461,0.0,5.666666666666629,optimal,none
Bedfordshire Hospitals NHS Foundation Trust,G&A Paediatric,96.0,76.33333333333333,19.083333818339746,76.3333345149837,0.0,0.3333333333333286,optimal,none
Birmingham Women's and Children's NHS Foundation Trust,G&A Adult,24.0,16.0,3.2000000454737436,16.00000004448853,0.0,0.0,optimal,none
Birmingham Women's and Children's NHS Foundation Trust,G&A Paediatric,255.0,213.33333333333337,53.333333424809055,213.33333347590641,0.0,17.33333333333337,optimal,none
Blackpool Teaching Hospitals NHS Foundation Trust,Critical Care Adult,34.0,26.666666666666668,13.333333414203722,26.666666764053808,0.0,0.6666666666666679,optimal,none
Blackpool Teaching Hospitals NHS Foundation Trust,G&A Adult,725.0,710.6666666666666,142.13333354513438,710.66666730115,0.0,15.666666666666629,optimal,none
Blackpool Teaching Hospitals NHS Foundation Trust,G&A Paediatric,44.0,20.666666666666668,5.166666759930222,20.666666746824927,0.0,0.6666666666666679,optimal,none
Bolton NHS Foundation Trust,Critical Care Adult,18.0,13.333333333333334,6.66666682489916,13.333333411226839,0.0,1.333333333333334,optimal,none
Bolton NHS Foundation Trust,G&A Adult,551.0,518.0,103.6000002723531,518.0000006574222,0.0,0.0,optimal,none
Bolton NHS Foundation Trust,G&A Paediatric,60.0,38.0,9.500000310590565,38.00000076443592,0.0,0.0,optimal,none
Bradford Teaching Hospitals NHS Foundation Trust,Critical Care Adult,15.0,12.333333333333334,6.166666675443202,12.333333338842877,0.0,0.0,optimal,none
Bradford Teaching Hospitals NHS Foundation Trust,G&A Adult,576.0,526.0,105.20000000828433,526.0000000189721,0.0,0.0,optimal,none
Bradford Teaching Hospitals NHS Foundation Trust,G&A Paediatric,44.0,32.666666666666664,8.166666673014806,32.66666667693805,0.0,0.6666666666666643,optimal,none
Buckinghamshire Healthcare NHS Trust,Critical Care Adult,18.0,13.0,6.500000105542441,13.000000102918115,0.0,0.0,optimal,none
Buckinghamshire Healthcare NHS Trust,G&A Adult,415.0,407.3333333333333,81.46666680153182,407.33333373424654,0.0,12.333333333333314,optimal,none
Buckinghamshire Healthcare NHS Trust,G&A Paediatric,31.0,23.666666666666668,5.916666725089017,23.66666671939894,0.0,0.0,optimal,none
Calderdale and Huddersfield NHS Foundation Trust,Critical Care Adult,11.0,10.0,5.000000053440834,10.000000075491586,0.0,2.0,optimal,none
Calderdale and Huddersfield NHS Foundation Trust,G&A Adult,692.0,676.6666666666666,135.33333335904433,676.6666667304966,0.0,6.666666666666629,optimal,none
Calderdale and Huddersfield NHS Foundation Trust,G&A Paediatric,42.0,27.666666666666668,6.9166666955917115,27.666666722596638,0.0,0.0,optimal,none
Cambridge University Hospitals NHS Foundation Trust,Critical Care Adult,74.0,55.0,27.500000414944385,55.00000044334407,0.0,0.0,optimal,none
Cambridge University Hospitals NHS Foundation Trust,G&A Adult,988.0,912.6666666666666,182.53333362657327,912.6666673165112,0.0,7.666666666666629,optimal,none
Cambridge University Hospitals NHS Foundation Trust,G&A Paediatric,79.0,57.333333333333336,14.333333507699185,57.33333348159673,0.0,0.0,optimal,none
Chelsea and Westminster Hospital NHS Foundation Trust,Critical Care Adult,24.0,22.666666666666668,11.333333341971311,22.66666667133405,0.0,0.6666666666666679,optimal,none
Chelsea and Westminster Hospital NHS Foundation Trust,G&A Adult,710.0,693.3333333333334,138.66666668083803,693.3333333678559,0.0,3.3333333333333712,optimal,none
Chelsea and Westminster Hospital NHS Foundation Trust,G&A Paediatric,70.0,51.333333333333336,12.833333351516632,51.33333337561107,0.0,0.0,optimal,none
Chesterfield Royal Hospital NHS Foundation Trust,Critical Care Adult,15.0,12.666666666666666,6.333334182848409,12.666667795274638,0.0,0.0,optimal,none
Chesterfield Royal Hospital NHS Foundation Trust,G&A Adult,533.0,514.3333333333334,102.8666671528377,514.3333346288821,0.0,4.333333333333371,optimal,none
Chesterfield Royal Hospital NHS Foundation Trust,G&A Paediatric,18.0,13.0,3.2500002914880044,13.000000190264501,0.0,0.0,optimal,none
Countess of Chester Hospital NHS Foundation Trust,Critical Care Adult,15.0,13.0,6.5000006200412255,13.000000451534262,0.0,0.0,optimal,none
Countess of Chester Hospital NHS Foundation Trust,G&A Adult,474.0,464.6666666666667,92.93333380477819,464.66666787017834,0.0,0.0,optimal,none
Countess of Chester Hospital NHS Foundation Trust,G&A Paediatric,22.0,12.666666666666666,3.166667161098091,12.666667585221157,0.0,0.6666666666666661,optimal,none
County Durham and Darlington NHS Foundation Trust,Critical Care Adult,21.0,14.0,7.000000300744569,14.000000129474067,0.0,4.0,optimal,none
County Durham and Darlington NHS Foundation Trust,G&A Adult,840.0,774.0,154.8000005132769,774.0000011037322,0.0,14.0,optimal,none
County Durham and Darlington NHS Foundation Trust,G&A Paediatric,33.0,20.666666666666668,5.166667142012235,20.666667366289968,0.0,0.0,optimal,none
Croydon Health Services NHS Trust,Critical Care Adult,15.0,15.0,7.500000120102649,15.000000001308715,0.0,0.0,optimal,none
Croydon Health Services NHS Trust,G&A Adult,464.0,459.3333333333333,91.86666690306853,459.3333340317527,0.0,0.0,optimal,none
Croydon Health Services NHS Trust,G&A Paediatric,18.0,12.333333333333334,3.0833334367907956,12.33333347649703,0.0,0.0,optimal,none
Dartford and Gravesham NHS Trust,Critical Care Adult,12.0,11.0,5.500000012236688,11.000000006925422,0.0,0.0,optimal,none
Dartford and Gravesham NHS Trust,G&A Adult,494.0,472.0,94.40000002652688,472.00000006531627,0.0,2.0,optimal,none
Dartford and Gravesham NHS Trust,G&A Paediatric,44.0,27.333333333333332,6.833333366671976,27.333333412511234,0.0,0.0,optimal,none
Doncaster and Bassetlaw Teaching Hospitals NHS Foundation Trust,Critical Care Adult,26.0,21.0,10.500000438702962,21.000000355401806,0.0,1.0,optimal,none
Doncaster and Bassetlaw Teaching Hospitals NHS Foundation Trust,G&A Adult,720.0,694.3333333333334,138.86666739942748,694.3333352002985,0.0,4.333333333333371,optimal,none
Doncaster and Bassetlaw Teaching Hospitals NHS Foundation Trust,G&A Paediatric,20.0,14.0,3.5000005952952984,14.000000899415591,0.0,2.0,optimal,none
Dorset County Hospital NHS Foundation Trust,Critical Care Adult,9.0,8.0,4.000000447060011,8.00000031335137,0.0,0.0,optimal,none
Dorset County Hospital NHS Foundation Trust,G&A Adult,324.0,318.3333333333333,63.66666711067192,318.33333447164404,0.0,3.3333333333333144,optimal,none
Dorset County Hospital NHS Foundation Trust,G&A Paediatric,14.0,9.0,2.2500003661467987,9.000000559707113,0.0,1.0,optimal,none
East Cheshire NHS Trust,Critical Care Adult,7.0,5.0,2.500000017038285,5.000000015290444,0.0,0.0,optimal,none
East Cheshire NHS Trust,G&A Adult,293.0,284.0,56.80000007410568,284.0000001990204,0.0,0.0,optimal,none
East Cheshire NHS Trust,G&A Paediatric,15.0,7.0,1.7500000625809946,7.00000010164119,0.0,0.0,optimal,none
East Kent Hospitals University NHS Foundation Trust,Critical Care Adult,46.0,32.333333333333336,16.166667089970826,32.33333376956083,0.0,0.3333333333333357,optimal,none
East Kent Hospitals University NHS Foundation Trust,G&A Adult,1023.0,974.6666666666666,194.93333369145665,974.6666675681851,0.0,0.0,optimal,none
East Kent Hospitals University NHS Foundation Trust,G&A Paediatric,55.0,37.333333333333336,9.333333457023748,37.33333357521514,0.0,1.3333333333333357,optimal,none
East Lancashire Hospitals NHS Trust,Critical Care Adult,28.0,23.0,11.500001091841698,23.000000877521746,0.0,1.0,optimal,none
East Lancashire Hospitals NHS Trust,G&A Adult,732.0,705.3333333333334,141.06666777121467,705.3333361463156,0.0,10.333333333333371,optimal,none
East Lancashire Hospitals NHS Trust,G&A Paediatric,54.0,35.0,8.750001265424467,35.00000267065406,0.0,0.0,optimal,none
East Suffolk and North Essex NHS Foundation Trust,Critical Care Adult,32.0,21.666666666666668,10.83333392595642,21.666666897119924,0.0,1.6666666666666679,optimal,none
East Suffolk and North Essex NHS Foundation Trust,G&A Adult,1254.0,1181.0,236.20000110939458,1181.0000025804702,0.0,0.0,optimal,none
East Suffolk and North Essex NHS Foundation Trust,G&A Paediatric,41.0,29.666666666666668,7.416668306603986,29.6666706015957,0.0,0.0,optimal,none
East Sussex Healthcare NHS Trust,Critical Care Adult,19.0,13.333333333333334,6.666666681091254,13.333333346657668,0.0,0.0,optimal,none
East Sussex Healthcare NHS Trust,G&A Adult,760.0,748.6666666666666,149.73333334978858,748.6666667099187,0.0,3.6666666666666288,optimal,none
East Sussex Healthcare NHS Trust,G&A Paediatric,17.0,14.333333333333334,3.583333347294528,14.333333344307984,0.0,0.0,optimal,none
East and North Hertfordshire NHS Trust,Critical Care Adult,18.0,15.333333333333334,7.666666694821138,15.333333345484329,0.0,1.333333333333334,optimal,none
East and North Hertfordshire NHS Trust,G&A Adult,558.0,514.3333333333334,102.86666672034501,514.3333334595692,0.0,9.333333333333371,optimal,none
East and North Hertfordshire NHS Trust,G&A Paediatric,30.0,19.0,4.750000055106562,19.000000106026373,0.0,0.0,optimal,none
Epsom and St Helier University Hospitals NHS Trust,Critical Care Adult,21.0,16.333333333333332,8.166667034821737,16.333334021801132,0.0,0.33333333333333215,optimal,none
Epsom and St Helier University Hospitals NHS Trust,G&A Adult,637.0,539.3333333333334,107.8666670839619,539.3333341219474,0.0,0.0,optimal,none
Epsom and St Helier University Hospitals NHS Trust,G&A Paediatric,32.0,18.333333333333332,4.583333531318707,18.333333538632203,0.0,2.333333333333332,optimal,none
Frimley Health NHS Foundation Trust,Critical Care Adult,24.0,22.333333333333332,11.166667248975234,22.333333729447858,0.0,0.33333333333333215,optimal,none
Frimley Health NHS Foundation Trust,G&A Adult,1210.0,1118.6666666666667,223.73333405843275,1118.666668427248,0.0,0.0,optimal,none
Frimley Health NHS Foundation Trust,G&A Paediatric,57.0,36.0,9.000000624619547,36.000001135868494,0.0,4.0,optimal,none
Gateshead Health NHS Foundation Trust,Critical Care Adult,12.0,8.0,4.000000084822381,8.000000034743863,0.0,0.0,optimal,none
Gateshead Health NHS Foundation Trust,G&A Adult,463.0,446.6666666666667,89.33333349328763,446.6666671102614,0.0,11.666666666666686,optimal,none
George Eliot Hospital NHS Trust,Critical Care Adult,8.0,6.333333333333333,3.1666667015801733,6.3333333584187885,0.0,0.33333333333333304,optimal,none
George Eliot Hospital NHS Trust,G&A Adult,404.0,403.6666666666667,80.73333350315811,403.66666732156875,0.0,3.6666666666666856,optimal,none
Gloucestershire Hospitals NHS Foundation Trust,Critical Care Adult,25.0,18.333333333333332,9.166666829448836,18.333333408132024,0.0,0.33333333333333215,optimal,none
Gloucestershire Hospitals NHS Foundation Trust,G&A Adult,797.0,742.0,148.40000031873552,742.0000007677953,0.0,0.0,optimal,none
Gloucestershire Hospitals NHS Foundation Trust,G&A Paediatric,60.0,30.666666666666668,7.666666957278846,30.666667349548792,0.0,0.0,optimal,none
Great Ormond Street Hospital for Children NHS Foundation Trust,G&A Paediatric,259.0,200.33333333333337,50.083333348428084,200.33333334750375,0.0,0.0,optimal,none
Great Western Hospitals NHS Foundation Trust,Critical Care Adult,12.0,8.666666666666666,4.333333636982009,8.666667041939636,0.0,0.6666666666666661,optimal,none
Great Western Hospitals NHS Foundation Trust,G&A Adult,570.0,536.3333333333334,107.2666669782509,536.3333340626763,0.0,0.0,optimal,none
Great Western Hospitals NHS Foundation Trust,G&A Paediatric,34.0,27.333333333333332,6.833333535668918,27.33333354018829,0.0,0.0,optimal,none
Guy's and St Thomas' NHS Foundation Trust,Critical Care Adult,173.0,166.0,83.00000013270042,166.00000023120748,0.0,0.0,optimal,none
Guy's and St Thomas' NHS Foundation Trust,G&A Adult,1120.0,1019.3333333333334,203.86666687998215,1019.3333338335918,0.0,9.333333333333371,optimal,none
Guy's and St Thomas' NHS Foundation Trust,G&A Paediatric,120.0,79.66666666666667,19.916666903241893,79.66666723841196,0.0,0.0,optimal,none
Hampshire Hospitals NHS Foundation Trust,Critical Care Adult,27.0,19.666666666666668,9.833333466971004,19.666666888292866,0.0,1.6666666666666679,optimal,none
Hampshire Hospitals NHS Foundation Trust,G&A Adult,821.0,769.6666666666666,153.93333359506187,769.6666672668803,0.0,0.0,optimal,none
Hampshire Hospitals NHS Foundation Trust,G&A Paediatric,50.0,25.333333333333332,6.333333596959047,25.333333818656218,0.0,1.3333333333333321,optimal,none
Harrogate and District NHS Foundation Trust,Critical Care Adult,11.0,5.666666666666667,2.8333333599818866,5.666666680120205,0.0,0.0,optimal,none
Harrogate and District NHS Foundation Trust,G&A Adult,289.0,278.6666666666667,55.733333374767064,278.6666667784436,0.0,18.666666666666686,optimal,none
Harrogate and District NHS Foundation Trust,G&A Paediatric,22.0,8.333333333333334,2.083333358496893,8.333333397249708,0.0,0.0,optimal,none
Homerton Healthcare NHS Foundation Trust,Critical Care Adult,12.0,11.0,5.500000042788017,11.000000069014341,0.0,0.0,optimal,none
Homerton Healthcare NHS Foundation Trust,G&A Adult,253.0,252.66666666666663,50.53333363218301,252.66666773872407,0.0,17.66666666666663,optimal,none
Homerton Healthcare NHS Foundation Trust,G&A Paediatric,18.0,12.0,3.0000001849213223,12.000000424996607,0.0,0.0,optimal,none
Hull University Teaching Hospitals NHS Trust,Critical Care Adult,44.0,35.666666666666664,17.83333464364299,35.666668069535234,0.0,0.0,optimal,none
Hull University Teaching Hospitals NHS Trust,G&A Adult,1113.0,1032.0,206.4000008445943,1032.0000017687753,0.0,0.0,optimal,none
Hull University Teaching Hospitals NHS Trust,G&A Paediatric,47.0,33.666666666666664,8.41666711959654,33.666667125690026,0.0,0.0,optimal,none
Imperial College Healthcare NHS Trust,Critical Care Adult,94.0,86.66666666666667,43.33333334880618,86.66666668066641,0.0,0.6666666666666714,optimal,none
Imperial College Healthcare NHS Trust,G&A Adult,1008.0,952.0,190.40000002089675,952.000000050886,0.0,0.0,optimal,none
Imperial College Healthcare NHS Trust,G&A Paediatric,33.0,31.0,7.750000013831589,31.000000012514686,0.0,0.0,optimal,none
Isle of Wight NHS Trust,Critical Care Adult,6.0,5.333333333333333,2.666666707657905,5.333333398321272,0.0,0.0,optimal,none
Isle of Wight NHS Trust,G&A Adult,299.0,282.3333333333333,56.4666666957925,282.3333334033882,0.0,2.3333333333333144,optimal,none
Isle of Wight NHS Trust,G&A Paediatric,10.0,5.666666666666667,1.4166666909436292,5.666666704129694,0.0,0.0,optimal,none
James Paget University Hospitals NHS Foundation Trust,Critical Care Adult,12.0,9.333333333333334,4.666666675524852,9.33333333877781,0.0,0.0,optimal,none
James Paget University Hospitals NHS Foundation Trust,G&A Adult,458.0,442.6666666666667,88.53333334542367,442.6666666973672,0.0,0.0,optimal,none
James Paget University Hospitals NHS Foundation Trust,G&A Paediatric,28.0,18.0,4.500000012103808,18.00000002476198,0.0,0.0,optimal,none
Kettering General Hospital NHS Foundation Trust,Critical Care Adult,10.0,8.666666666666666,4.333334409997739,8.66666812461723,0.0,0.0,optimal,none
Kettering General Hospital NHS Foundation Trust,G&A Adult,565.0,564.6666666666666,112.9333344109674,564.666669571255,0.0,4.666666666666629,optimal,none
Kettering General Hospital NHS Foundation Trust,G&A Paediatric,22.0,19.0,4.750000415793883,19.000000582807974,0.0,0.0,optimal,none
King's College Hospital NHS Foundation Trust,Critical Care Adult,119.0,118.66666666666669,59.33333359497486,118.6666668066703,0.0,4.666666666666686,optimal,none
King's College Hospital NHS Foundation Trust,G&A Adult,1299.0,1275.0,255.00000034678573,1275.0000008708475,0.0,0.0,optimal,none
King's College Hospital NHS Foundation Trust,G&A Paediatric,72.0,60.333333333333336,15.083333611908309,60.33333385705082,0.0,0.0,optimal,none
Kingston Hospital NHS Foundation Trust,Critical Care Adult,15.0,12.0,6.0000000867635075,12.000000068625297,0.0,0.0,optimal,none
Kingston Hospital NHS Foundation Trust,G&A Adult,390.0,359.3333333333333,71.86666681691469,359.33333366200117,0.0,0.0,optimal,none
Kingston Hospital NHS Foundation Trust,G&A Paediatric,24.0,16.0,4.000000094744938,16.000000070026317,0.0,0.0,optimal,none
Lancashire Teaching Hospitals NHS Foundation Trust,Critical Care Adult,34.0,29.0,14.500000668897538,29.000000743147467,0.0,1.0,optimal,none
Lancashire Teaching Hospitals NHS Foundation Trust,G&A Adult,799.0,795.3333333333334,159.06666806883067,795.3333376914248,0.0,20.33333333333337,optimal,none
Lancashire Teaching Hospitals NHS Foundation Trust,G&A Paediatric,30.0,21.666666666666668,5.416666964997475,21.666666910588205,0.0,0.0,optimal,none
Leeds Teaching Hospitals NHS Trust,Critical Care Adult,60.0,66.0,30.000000000614975,60.00000000211447,5.999999995750291,8.0,optimal,none
Leeds Teaching Hospitals NHS Trust,G&A Adult,1658.0,1603.6666666666667,320.73333363241323,1603.6666673386774,0.0,0.0,optimal,none
Leeds Teaching Hospitals NHS Trust,G&A Paediatric,141.0,127.0,31.750000135189538,127.00000015076844,0.0,0.0,optimal,none
Lewisham and Greenwich NHS Trust,Critical Care Adult,36.0,28.0,14.000000026986484,28.000000024826107,0.0,0.0,optimal,none
Lewisham and Greenwich NHS Trust,G&A Adult,971.0,946.0,189.20000003274356,946.0000000816407,0.0,0.0,optimal,none
Lewisham and Greenwich NHS Trust,G&A Paediatric,38.0,34.666666666666664,8.666666689893798,34.66666668412709,0.0,0.0,optimal,none
Liverpool Heart and Chest Hospital NHS Foundation Trust,Critical Care Adult,30.0,21.666666666666668,10.833333333978686,21.66666666706509,0.0,1.6666666666666679,optimal,none
Liverpool Heart and Chest Hospital NHS Foundation Trust,G&A Adult,156.0,124.66666666666669,24.933333335184606,124.66666666988088,0.0,0.0,optimal,none
Liverpool University Hospitals NHS Foundation Trust,Critical Care Adult,61.0,48.666666666666664,24.333333472661305,48.66666673432954,0.0,0.0,optimal,none
Liverpool University Hospitals NHS Foundation Trust,G&A Adult,1609.0,1566.6666666666667,313.33333363808583,1566.6666675478803,0.0,26.666666666666742,optimal,none
Liverpool Women's NHS Foundation Trust,Critical Care Adult,2.0,1.0,0.5000000003377557,1.0000000001843947,0.0,0.0,optimal,none
Liverpool Women's NHS Foundation Trust,G&A Adult,24.0,14.0,2.800000000904485,14.000000002113364,0.0,0.0,optimal,none
London North West University Healthcare NHS Trust,Critical Care Adult,56.0,48.666666666666664,24.333333422196265,48.66666675968771,0.0,0.6666666666666643,optimal,none
London North West University Healthcare NHS Trust,G&A Adult,1066.0,1022.3333333333334,204.46666676114,1022.3333335593808,0.0,22.33333333333337,optimal,none
London North West University Healthcare NHS Trust,G&A Paediatric,24.0,18.333333333333332,4.583333380837157,18.333333366472672,0.0,0.0,optimal,none
Maidstone and Tunbridge Wells NHS Trust,Critical Care Adult,31.0,19.333333333333332,9.66666681948996,19.333333501311287,0.0,1.3333333333333321,optimal,none
Maidstone and Tunbridge Wells NHS Trust,G&A Adult,681.0,592.3333333333334,118.46666677708372,592.3333335706546,0.0,12.333333333333371,optimal,none
Maidstone and Tunbridge Wells NHS Trust,G&A Paediatric,24.0,20.666666666666668,5.166666743425727,20.666666724697755,0.0,0.0,optimal,none
Manchester University NHS Foundation Trust,Critical Care Adult,125.0,103.0,51.50000022177248,103.0000001035526,0.0,0.0,optimal,none
Manchester University NHS Foundation Trust,G&A Adult,1976.0,1876.3333333333333,375.2666670605938,1876.3333342785647,0.0,11.333333333333258,optimal,none
Manchester University NHS Foundation Trust,G&A Paediatric,290.0,225.0,56.25000048978677,225.00000105426247,0.0,9.0,optimal,none
Medway NHS Foundation Trust,Critical Care Adult,36.0,28.0,14.000000456151893,28.000000534180106,0.0,0.0,optimal,none
Medway NHS Foundation Trust,G&A Adult,532.0,525.0,105.00000047869548,525.0000014314727,0.0,5.0,optimal,none
Medway NHS Foundation Trust,G&A Paediatric,23.0,14.0,3.500000191092055,14.00000013950802,0.0,2.0,optimal,none
Mersey and West Lancashire Teaching Hospitals NHS Trust,Critical Care Adult,32.0,20.666666666666668,10.33333336327475,20.666666699674046,0.0,0.6666666666666679,optimal,none
Mersey and West Lancashire Teaching Hospitals NHS Trust,G&A Adult,1160.0,1156.0,231.20000004135895,1156.0000001240967,0.0,11.0,optimal,none
Mersey and West Lancashire Teaching Hospitals NHS Trust,G&A Paediatric,39.0,33.333333333333336,8.333333350162516,33.33333335113054,0.0,0.0,optimal,none
Mid Cheshire Hospitals NHS Foundation Trust,Critical Care Adult,11.0,9.666666666666666,4.833333350021926,9.666666672565443,0.0,1.666666666666666,optimal,none
Mid Cheshire Hospitals NHS Foundation Trust,G&A Adult,497.0,472.6666666666667,94.53333334866683,472.66666670326674,0.0,17.666666666666686,optimal,none
Mid Cheshire Hospitals NHS Foundation Trust,G&A Paediatric,27.0,13.333333333333334,3.3333333553359936,13.333333382097758,0.0,0.0,optimal,none
Mid Yorkshire Hospitals NHS Trust,Critical Care Adult,18.0,12.666666666666666,6.333333391445572,12.666666688256486,0.0,0.6666666666666661,optimal,none
Mid Yorkshire Hospitals NHS Trust,G&A Adult,1028.0,972.3333333333334,194.46666677273396,972.333333587764,0.0,0.0,optimal,none
Mid Yorkshire Hospitals NHS Trust,G&A Paediatric,47.0,15.666666666666666,3.916666787243373,15.666666913998279,0.0,0.0,optimal,none
Mid and South Essex NHS Foundation Trust,Critical Care Adult,80.0,69.33333333333333,34.666668256702515,69.33333557877967,0.0,0.0,optimal,none
Mid and South Essex NHS Foundation Trust,G&A Adult,1692.0,1635.3333333333333,327.0666680808256,1635.3333373162052,0.0,5.3333333333332575,optimal,none
Mid and South Essex NHS Foundation Trust,G&A Paediatric,75.0,45.333333333333336,11.333334268759499,45.33333451160618,0.0,1.3333333333333357,optimal,none
Milton Keynes University Hospital NHS Foundation Trust,Critical Care Adult,10.0,5.0,2.500000097913969,5.000000131777191,0.0,1.0,optimal,none
Milton Keynes University Hospital NHS Foundation Trust,G&A Adult,517.0,468.3333333333333,93.66666703529592,468.3333342121442,0.0,0.0,optimal,none
Milton Keynes University Hospital NHS Foundation Trust,G&A Paediatric,49.0,26.666666666666668,6.666666930065267,26.6666673520336,0.0,0.0,optimal,none
Moorfields Eye Hospital NHS Foundation Trust,G&A Adult,10.0,3.0,0.600000000211398,3.0000000008834826,0.0,0.0,optimal,none
Norfolk and Norwich University Hospitals NHS Foundation Trust,Critical Care Adult,42.0,34.0,17.00000003565987,34.00000004022634,0.0,0.0,optimal,none
Norfolk and Norwich University Hospitals NHS Foundation Trust,G&A Adult,911.0,910.3333333333334,182.06666671584466,910.3333334517511,0.0,25.33333333333337,optimal,none
Norfolk and Norwich University Hospitals NHS Foundation Trust,G&A Paediatric,27.0,16.0,4.000000018677814,16.000000024050454,0.0,0.0,optimal,none
North Bristol NHS Trust,Critical Care Adult,46.0,38.333333333333336,19.1666667818573,38.33333338848847,0.0,0.3333333333333357,optimal,none
North Bristol NHS Trust,G&A Adult,946.0,903.3333333333334,180.66666687954253,903.3333338555195,0.0,0.0,optimal,none
North Cumbria Integrated Care NHS Foundation Trust,Critical Care Adult,15.0,11.333333333333334,5.666667036752563,11.33333403650913,0.0,0.0,optimal,none
North Cumbria Integrated Care NHS Foundation Trust,G&A Adult,562.0,530.3333333333334,106.06666701109849,530.3333341709232,0.0,0.0,optimal,none
North Cumbria Integrated Care NHS Foundation Trust,G&A Paediatric,47.0,16.0,4.000000221207801,16.000000528008105,0.0,0.0,optimal,none
North Tees and Hartlepool NHS Foundation Trust,Critical Care Adult,16.0,12.666666666666666,6.33333334470583,12.666666673738371,0.0,0.6666666666666661,optimal,none
North Tees and Hartlepool NHS Foundation Trust,G&A Adult,515.0,493.6666666666667,98.73333334855879,493.6666667047584,0.0,8.666666666666686,optimal,none
North Tees and Hartlepool NHS Foundation Trust,G&A Paediatric,26.0,14.333333333333334,3.5833333490629267,14.333333364707347,0.0,0.0,optimal,none
North West Anglia NHS Foundation Trust,Critical Care Adult,22.0,18.0,9.000000657167153,18.000000831508363,0.0,0.0,optimal,none
North West Anglia NHS Foundation Trust,G&A Adult,947.0,934.6666666666666,186.93333384014247,934.6666682195425,0.0,9.666666666666629,optimal,none
North West Anglia NHS Foundation Trust,G&A Paediatric,43.0,35.666666666666664,8.916666919838876,35.666666866364515,0.0,0.0,optimal,none
Northampton General Hospital NHS Trust,Critical Care Adult,16.0,11.333333333333334,5.666666783571077,11.333333419784125,0.0,0.0,optimal,none
Northampton General Hospital NHS Trust,G&A Adult,620.0,613.6666666666666,122.73333399234211,613.6666687375896,0.0,0.0,optimal,none
Northampton General Hospital NHS Trust,G&A Paediatric,65.0,39.666666666666664,9.91666725235885,39.66666820937747,0.0,0.0,optimal,none
Northern Care Alliance NHS Ft,Critical Care Adult,68.0,55.0,27.50000023638694,55.00000023700829,0.0,0.0,optimal,none
Northern Care Alliance NHS Ft,G&A Adult,1526.0,1374.6666666666667,274.9333336644888,1374.6666674298936,0.0,19.666666666666742,optimal,none
Northern Care Alliance NHS Ft,G&A Paediatric,28.0,19.333333333333332,4.833333506830864,19.333333451366954,0.0,3.333333333333332,optimal,none
Northern Lincolnshire and Goole NHS Foundation Trust,Critical Care Adult,14.0,13.0,6.50000003409138,13.000000061088832,0.0,1.0,optimal,none
Northern Lincolnshire and Goole NHS Foundation Trust,G&A Adult,588.0,564.3333333333334,112.8666667181414,564.3333334607569,0.0,14.333333333333371,optimal,none
Northern Lincolnshire and Goole NHS Foundation Trust,G&A Paediatric,36.0,20.333333333333332,5.083333381142697,20.333333418758986,0.0,0.33333333333333215,optimal,none
Northumbria Healthcare NHS Foundation Trust,Critical Care Adult,15.0,12.333333333333334,6.166666720690196,12.333333411409475,0.0,2.333333333333334,optimal,none
Northumbria Healthcare NHS Foundation Trust,G&A Adult,826.0,799.3333333333334,159.86666669387603,799.3333334029804,0.0,34.33333333333337,optimal,none
Northumbria Healthcare NHS Foundation Trust,G&A Paediatric,18.0,10.0,2.500000014272884,10.000000015856736,0.0,0.0,optimal,none
Nottingham University Hospitals NHS Trust,Critical Care Adult,66.0,51.666666666666664,25.833333725160266,51.6666668456809,0.0,0.0,optimal,none
Nottingham University Hospitals NHS Trust,G&A Adult,1604.0,1509.6666666666667,301.933334002995,1509.6666682234827,0.0,9.666666666666742,optimal,none
Nottingham University Hospitals NHS Trust,G&A Paediatric,114.0,89.0,22.250000573376063,89.0000007911889,0.0,0.0,optimal,none
Oxford University Hospitals NHS Foundation Trust,Critical Care Adult,59.0,42.0,21.000000040861163,42.00000004316061,0.0,0.0,optimal,none
Oxford University Hospitals NHS Foundation Trust,G&A Adult,961.0,904.6666666666666,180.93333336527374,904.6666667421255,0.0,0.0,optimal,none
Oxford University Hospitals NHS Foundation Trust,G&A Paediatric,84.0,71.33333333333333,17.833333357554626,71.33333336433272,0.0,0.0,optimal,none
Portsmouth Hospitals University National Health Service Trust,Critical Care Adult,21.0,20.333333333333332,10.166666869375932,20.333333524247156,0.0,0.0,optimal,none
Portsmouth Hospitals University National Health Service Trust,G&A Adult,1099.0,1085.0,217.00000020028563,1085.000000512476,0.0,50.0,optimal,none
Portsmouth Hospitals University National Health Service Trust,G&A Paediatric,30.0,17.0,4.25000016379766,17.000000293715928,0.0,0.0,optimal,none
Queen Victoria Hospital NHS Foundation Trust,Critical Care Adult,4.0,2.0,1.0000000009407983,2.000000000917321,0.0,0.0,optimal,none
Queen Victoria Hospital NHS Foundation Trust,G&A Adult,53.0,25.666666666666668,5.13333333571791,25.666666672272193,0.0,0.0,optimal,none
Queen Victoria Hospital NHS Foundation Trust,G&A Paediatric,2.0,0.0,5.974374416606559e-09,2.2367301356969937e-08,0.0,0.0,optimal,none
Royal Berkshire NHS Foundation Trust,Critical Care Adult,19.0,17.666666666666668,8.83333395582511,17.666667080457394,0.0,0.0,optimal,none
Royal Berkshire NHS Foundation Trust,G&A Adult,518.0,496.6666666666667,99.33333378518678,496.66666777065774,0.0,0.0,optimal,none
Royal Berkshire NHS Foundation Trust,G&A Paediatric,59.0,44.0,11.000000726248048,44.00000178517919,0.0,4.0,optimal,none
Royal Cornwall Hospitals NHS Trust,Critical Care Adult,17.0,13.333333333333334,6.666666742461301,13.33333347040307,0.0,0.0,optimal,none
Royal Cornwall Hospitals NHS Trust,G&A Adult,628.0,612.6666666666666,122.53333343781951,612.6666669502939,0.0,2.6666666666666288,optimal,none
Royal Cornwall Hospitals NHS Trust,G&A Paediatric,37.0,19.0,4.750000058461212,19.000000073369296,0.0,0.0,optimal,none
Royal Devon University Healthcare NHS Foundation Trust,Critical Care Adult,37.0,19.0,9.50000053390972,19.0000004984277,0.0,0.0,optimal,none
Royal Devon University Healthcare NHS Foundation Trust,G&A Adult,1096.0,1016.0,203.2000005043416,1016.0000010998423,0.0,0.0,optimal,none
Royal Devon University Healthcare NHS Foundation Trust,G&A Paediatric,49.0,23.333333333333332,5.833333564322059,23.333333504030623,0.0,0.0,optimal,none
Royal Free London NHS Foundation Trust,Critical Care Adult,89.0,81.33333333333333,40.66666698365916,81.33333362215241,0.0,1.3333333333333286,optimal,none
Royal Free London NHS Foundation Trust,G&A Adult,1427.0,1371.3333333333333,274.266667084733,1371.3333343735376,0.0,0.0,optimal,none
Royal Free London NHS Foundation Trust,G&A Paediatric,58.0,47.666666666666664,11.916666836486613,47.666666877913045,0.0,0.0,optimal,none
Royal National Orthopaedic Hospital NHS Trust,Critical Care Adult,10.0,4.666666666666667,2.333333336178024,4.6666666718427825,0.0,0.666666666666667,optimal,none
Royal National Orthopaedic Hospital NHS Trust,G&A Adult,145.0,118.33333333333331,23.666666671262632,118.33333334218442,0.0,0.0,optimal,none
Royal National Orthopaedic Hospital NHS Trust,G&A Paediatric,27.0,17.666666666666668,4.4166666698645045,17.666666672710853,0.0,0.0,optimal,none
Royal Papworth Hospital NHS Foundation Trust,Critical Care Adult,35.0,31.0,15.500000175525422,31.00000025406231,0.0,0.0,optimal,none
Royal Papworth Hospital NHS Foundation Trust,G&A Adult,183.0,172.33333333333334,34.46666676039253,172.33333354803392,0.0,0.0,optimal,none
Royal Surrey County Hospital NHS Foundation Trust,Critical Care Adult,17.0,16.666666666666668,8.333333391312577,16.666666733820808,0.0,0.6666666666666679,optimal,none
Royal Surrey County Hospital NHS Foundation Trust,G&A Adult,453.0,446.3333333333333,89.2666666989704,446.3333334147258,0.0,6.333333333333314,optimal,none
Royal Surrey County Hospital NHS Foundation Trust,G&A Paediatric,22.0,16.0,4.00000002598192,16.000000041749068,0.0,0.0,optimal,none
Royal United Hospitals Bath NHS Foundation Trust,Critical Care Adult,14.0,10.666666666666666,5.333333632603362,10.666666972378385,0.0,0.6666666666666661,optimal,none
Royal United Hospitals Bath NHS Foundation Trust,G&A Adult,494.0,483.6666666666667,96.73333366081057,483.66666769422227,0.0,0.0,optimal,none
Royal United Hospitals Bath NHS Foundation Trust,G&A Paediatric,23.0,16.666666666666668,4.166666812661741,16.666666783712632,0.0,0.6666666666666679,optimal,none
Salisbury NHS Foundation Trust,Critical Care Adult,10.0,7.333333333333333,3.666667141050171,7.333333852162038,0.0,0.0,optimal,none
Salisbury NHS Foundation Trust,G&A Adult,460.0,452.3333333333333,90.466667145652,452.33333488041677,0.0,0.0,optimal,none
Salisbury NHS Foundation Trust,G&A Paediatric,16.0,10.333333333333334,2.5833335377117437,10.333333489982923,0.0,0.0,optimal,none
Sandwell and West Birmingham Hospitals NHS Trust,Critical Care Adult,14.0,16.333333333333332,7.0000000001390905,14.000000000534753,2.3333333323002976,2.333333333333332,optimal,none
Sandwell and West Birmingham Hospitals NHS Trust,G&A Adult,546.0,508.3333333333333,101.66666671993477,508.33333345424415,0.0,0.0,optimal,none
Sandwell and West Birmingham Hospitals NHS Trust,G&A Paediatric,38.0,18.333333333333332,4.583333372933582,18.33333337756701,0.0,0.0,optimal,none
Sheffield Children's NHS Foundation Trust,G&A Paediatric,155.0,98.0,24.500000123381504,98.00000035223383,0.0,0.0,optimal,none
Sheffield Teaching Hospitals NHS Foundation Trust,Critical Care Adult,121.0,73.33333333333333,36.66666769262325,73.33333521825767,0.0,0.0,optimal,none
Sheffield Teaching Hospitals NHS Foundation Trust,G&A Adult,1497.0,1428.6666666666667,285.7333349831856,1428.6666712043686,0.0,43.66666666666674,optimal,none
Sherwood Forest Hospitals NHS Foundation Trust,Critical Care Adult,12.0,11.333333333333334,5.666666738380846,11.333333429643327,0.0,1.333333333333334,optimal,none
Sherwood Forest Hospitals NHS Foundation Trust,G&A Adult,658.0,651.0,130.2000000622562,651.0000001570637,0.0,26.0,optimal,none
Sherwood Forest Hospitals NHS Foundation Trust,G&A Paediatric,26.0,17.666666666666668,4.416666717575185,17.666666754380483,0.0,0.0,optimal,none
Somerset NHS Foundation Trust,Critical Care Adult,27.0,21.333333333333332,10.666667595378833,21.333334181365323,0.0,1.3333333333333321,optimal,none
Somerset NHS Foundation Trust,G&A Adult,954.0,928.0,185.60000065131305,928.0000017351092,0.0,23.0,optimal,none
Somerset NHS Foundation Trust,G&A Paediatric,68.0,40.0,10.000000803484912,40.00000179558743,0.0,0.0,optimal,none
South Tees Hospitals NHS Foundation Trust,Critical Care Adult,59.0,50.333333333333336,25.166666741202565,50.333333375255336,0.0,2.3333333333333357,optimal,none
South Tees Hospitals NHS Foundation Trust,G&A Adult,872.0,836.3333333333334,167.26666682660462,836.3333337316684,0.0,26.33333333333337,optimal,none
South Tees Hospitals NHS Foundation Trust,G&A Paediatric,66.0,38.333333333333336,9.583333523574392,38.33333373500181,0.0,0.0,optimal,none
South Tyneside and Sunderland NHS Foundation Trust,Critical Care Adult,22.0,15.333333333333334,7.666666683422003,15.33333334597722,0.0,3.333333333333334,optimal,none
South Tyneside and Sunderland NHS Foundation Trust,G&A Adult,1074.0,1003.3333333333334,200.66666670291787,1003.333333419294,0.0,38.33333333333337,optimal,none
South Tyneside and Sunderland NHS Foundation Trust,G&A Paediatric,48.0,27.0,6.750000025190159,27.000000040594962,0.0,0.0,optimal,none
South Warwickshire NHS Foundation Trust,Critical Care Adult,7.0,6.0,3.000000012718186,6.000000004743931,0.0,0.0,optimal,none
South Warwickshire NHS Foundation Trust,G&A Adult,401.0,375.3333333333333,75.0666666801137,375.33333336432844,0.0,0.0,optimal,none
South Warwickshire NHS Foundation Trust,G&A Paediatric,17.0,13.0,3.250000010198314,13.000000012858143,0.0,0.0,optimal,none
St George's University Hospitals NHS Foundation Trust,Critical Care Adult,53.0,51.333333333333336,25.66666669037732,51.33333337111738,0.0,1.3333333333333357,optimal,none
St George's University Hospitals NHS Foundation Trust,G&A Adult,787.0,747.6666666666666,149.53333334650105,747.6666666978522,0.0,0.0,optimal,none
St George's University Hospitals NHS Foundation Trust,G&A Paediatric,51.0,42.333333333333336,10.58333334148895,42.333333344861636,0.0,2.3333333333333357,optimal,none
Stockport NHS Foundation Trust,Critical Care Adult,13.0,10.0,5.000001103184875,10.000001437025697,0.0,0.0,optimal,none
Stockport NHS Foundation Trust,G&A Adult,609.0,587.3333333333334,117.46666731349485,587.3333350862315,0.0,2.3333333333333712,optimal,none
Stockport NHS Foundation Trust,G&A Paediatric,23.0,14.333333333333334,3.583333730358175,14.33333364922857,0.0,0.0,optimal,none
Surrey and Sussex Healthcare NHS Trust,Critical Care Adult,16.0,14.333333333333334,7.166666675216084,14.333333339074816,0.0,0.3333333333333339,optimal,none
Surrey and Sussex Healthcare NHS Trust,G&A Adult,651.0,629.6666666666666,125.93333335239163,629.6666667139672,0.0,0.0,optimal,none
Surrey and Sussex Healthcare NHS Trust,G&A Paediatric,29.0,25.0,6.250000015333681,25.000000025288244,0.0,1.0,optimal,none
Tameside and Glossop Integrated Care NHS Foundation Trust,Critical Care Adult,8.0,8.0,4.000000012232639,8.000000006335476,0.0,0.0,optimal,none
Tameside and Glossop Integrated Care NHS Foundation Trust,G&A Adult,377.0,405.3333333333333,75.40000829058748,377.00000006612584,28.333333201322738,50.333333333333314,optimal,none
Tameside and Glossop Integrated Care NHS Foundation Trust,G&A Paediatric,36.0,23.0,5.75000683392363,23.000013660081006,0.0,0.0,optimal,none
The Christie NHS Foundation Trust,Critical Care Adult,8.0,5.0,2.5000000171684973,5.000000008463829,0.0,0.0,optimal,none
The Christie NHS Foundation Trust,G&A Adult,177.0,161.66666666666666,32.33333335888755,161.66666672031062,0.0,1.6666666666666572,optimal,none
The Clatterbridge Cancer Centre NHS Foundation Trust,G&A Adult,101.0,92.33333333333331,18.466666670213964,92.33333334044576,0.0,0.0,optimal,none
The Dudley Group NHS Foundation Trust,Critical Care Adult,29.0,24.333333333333332,12.16666713732216,24.33333385041,0.0,0.0,optimal,none
The Dudley Group NHS Foundation Trust,G&A Adult,633.0,631.3333333333334,126.26666830840864,631.333339075405,0.0,6.333333333333371,optimal,none
The Dudley Group NHS Foundation Trust,G&A Paediatric,33.0,18.0,4.50000040356599,18.000000325201135,0.0,0.0,optimal,none
The Hillingdon Hospitals NHS Foundation Trust,Critical Care Adult,12.0,9.666666666666666,4.833333692269628,9.666666986797178,0.0,0.0,optimal,none
The Hillingdon Hospitals NHS Foundation Trust,G&A Adult,369.0,352.6666666666667,70.53333372468252,352.666667646979,0.0,0.0,optimal,none
The Hillingdon Hospitals NHS Foundation Trust,G&A Paediatric,24.0,16.666666666666668,4.166666955831236,16.666667107794517,0.0,0.0,optimal,none
The Newcastle Upon Tyne Hospitals NHS Foundation Trust,Critical Care Adult,85.0,63.333333333333336,31.666666982261724,63.33333363962946,0.0,1.3333333333333357,optimal,none
The Newcastle Upon Tyne Hospitals NHS Foundation Trust,G&A Adult,1268.0,1163.3333333333333,232.66666691106403,1163.3333338515563,0.0,3.3333333333332575,optimal,none
The Newcastle Upon Tyne Hospitals NHS Foundation Trust,G&A Paediatric,168.0,137.66666666666666,34.41666675986892,137.66666680896748,0.0,0.0,optimal,none
The Princess Alexandra Hospital NHS Trust,Critical Care Adult,10.0,8.0,4.000000504031157,8.000000398708554,0.0,0.0,optimal,none
The Princess Alexandra Hospital NHS Trust,G&A Adult,435.0,443.3333333333333,87.00000000065613,435.00000000640813,8.333333320556996,18.333333333333314,optimal,none
The Princess Alexandra Hospital NHS Trust,G&A Paediatric,18.0,11.666666666666666,2.9166672699292904,11.666667866327524,0.0,0.0,optimal,none
"The Queen Elizabeth Hospital, King's Lynn, NHS Foundation Trust",Critical Care Adult,13.0,9.333333333333334,4.666666810269493,9.333333405985464,0.0,0.0,optimal,none
"The Queen Elizabeth Hospital, King's Lynn, NHS Foundation Trust",G&A Adult,490.0,471.3333333333333,94.26666693147212,471.33333403036306,0.0,6.333333333333314,optimal,none
"The Queen Elizabeth Hospital, King's Lynn, NHS Foundation Trust",G&A Paediatric,20.0,14.0,3.5000002242399146,14.000000526350899,0.0,0.0,optimal,none
The Robert Jones and Agnes Hunt Orthopaedic Hospital NHS Foundation Trust,Critical Care Adult,4.0,2.6666666666666665,1.3333333355421686,2.6666666689262115,0.0,0.0,optimal,none
The Robert Jones and Agnes Hunt Orthopaedic Hospital NHS Foundation Trust,G&A Adult,133.0,103.66666666666669,20.733333335419317,103.66666667127123,0.0,0.0,optimal,none
The Robert Jones and Agnes Hunt Orthopaedic Hospital NHS Foundation Trust,G&A Paediatric,9.0,2.6666666666666665,0.6666666682408369,2.6666666700937576,0.0,0.0,optimal,none
The Rotherham NHS Foundation Trust,Critical Care Adult,14.0,10.0,5.00000025488469,10.000000299958904,0.0,0.0,optimal,none
The Rotherham NHS Foundation Trust,G&A Adult,451.0,432.0,86.40000024588205,432.0000006387646,0.0,0.0,optimal,none
The Rotherham NHS Foundation Trust,G&A Paediatric,22.0,13.0,3.2500001319234295,13.000000128130079,0.0,1.0,optimal,none
The Royal Marsden NHS Foundation Trust,Critical Care Adult,16.0,12.0,6.000000022986229,12.000000020455179,0.0,0.0,optimal,none
The Royal Marsden NHS Foundation Trust,G&A Adult,195.0,161.66666666666666,32.333333353630415,161.66666670376358,0.0,1.6666666666666572,optimal,none
The Royal Marsden NHS Foundation Trust,G&A Paediatric,18.0,12.0,3.0000000124682256,12.000000015658637,0.0,0.0,optimal,none
The Royal Orthopaedic Hospital NHS Foundation Trust,Critical Care Adult,6.0,3.6666666666666665,1.8333333366743816,3.6666666704952005,0.0,0.0,optimal,none
The Royal Orthopaedic Hospital NHS Foundation Trust,G&A Adult,89.0,70.0,14.000000002916165,70.00000000559628,0.0,0.0,optimal,none
The Royal Wolverhampton NHS Trust,Critical Care Adult,28.0,21.666666666666668,10.833333350888065,21.666666681546335,0.0,1.6666666666666679,optimal,none
The Royal Wolverhampton NHS Trust,G&A Adult,804.0,767.3333333333334,153.46666669163682,767.3333333940675,0.0,2.3333333333333712,optimal,none
The Royal Wolverhampton NHS Trust,G&A Paediatric,26.0,23.0,5.7500000138203236,23.000000013016724,0.0,0.0,optimal,none
The Shrewsbury and Telford Hospital NHS Trust,Critical Care Adult,25.0,13.333333333333334,6.666666750599582,13.333333420061102,0.0,0.0,optimal,none
The Shrewsbury and Telford Hospital NHS Trust,G&A Adult,788.0,760.0,152.00000007063494,760.0000001758934,0.0,0.0,optimal,none
The Shrewsbury and Telford Hospital NHS Trust,G&A Paediatric,31.0,24.0,6.0000000424127835,24.000000031639402,0.0,0.0,optimal,none
The Walton Centre NHS Foundation Trust,Critical Care Adult,20.0,14.333333333333334,7.166666755984677,14.333333485927746,0.0,0.0,optimal,none
The Walton Centre NHS Foundation Trust,G&A Adult,152.0,134.66666666666666,26.933333502009052,134.66666699449425,0.0,0.0,optimal,none
Torbay and South Devon NHS Foundation Trust,Critical Care Adult,10.0,5.666666666666667,2.8333334118876587,5.6666666988554955,0.0,0.0,optimal,none
Torbay and South Devon NHS Foundation Trust,G&A Adult,377.0,373.6666666666667,74.73333360742848,373.66666750343944,0.0,3.6666666666666856,optimal,none
Torbay and South Devon NHS Foundation Trust,G&A Paediatric,20.0,11.666666666666666,2.916666802284967,11.666666885918552,0.0,0.0,optimal,none
United Lincolnshire Hospitals NHS Trust,Critical Care Adult,25.0,17.333333333333332,8.666667521169714,17.33333417570935,0.0,3.333333333333332,optimal,none
United Lincolnshire Hospitals NHS Trust,G&A Adult,1003.0,945.3333333333334,189.0666673455209,945.3333349232021,0.0,20.33333333333337,optimal,none
United Lincolnshire Hospitals NHS Trust,G&A Paediatric,40.0,25.666666666666668,6.416667019901723,25.666667076994692,0.0,0.0,optimal,none
University College London Hospitals NHS Foundation Trust,Critical Care Adult,69.0,54.666666666666664,27.333333361207618,54.666666702345196,0.0,0.6666666666666643,optimal,none
University College London Hospitals NHS Foundation Trust,G&A Adult,698.0,618.3333333333334,123.666666686276,618.3333333701621,0.0,0.0,optimal,none
University College London Hospitals NHS Foundation Trust,G&A Paediatric,65.0,41.0,10.250000014920778,41.00000003564729,0.0,0.0,optimal,none
University Hospital Southampton NHS Foundation Trust,Critical Care Adult,99.0,80.66666666666667,40.33333376755755,80.66666714876456,0.0,0.6666666666666714,optimal,none
University Hospital Southampton NHS Foundation Trust,G&A Adult,1010.0,963.6666666666666,192.73333361727614,963.6666673554568,0.0,0.0,optimal,none
University Hospital Southampton NHS Foundation Trust,G&A Paediatric,95.0,74.66666666666667,18.666666832947108,74.6666668236612,0.0,0.0,optimal,none
University Hospitals Birmingham NHS Foundation Trust,Critical Care Adult,92.0,95.0,46.00000000034122,92.00000000192776,2.999999993091895,7.0,optimal,none
University Hospitals Birmingham NHS Foundation Trust,G&A Adult,2396.0,2350.0,470.0000004906607,2350.0000012709265,0.0,5.0,optimal,none
University Hospitals Birmingham NHS Foundation Trust,G&A Paediatric,78.0,67.0,16.75000014217695,67.00000024100082,0.0,0.0,optimal,none
University Hospitals Bristol and Weston NHS Foundation Trust,Critical Care Adult,55.0,52.0,26.00000001461539,52.00000000813625,0.0,2.0,optimal,none
University Hospitals Bristol and Weston NHS Foundation Trust,G&A Adult,891.0,834.3333333333334,166.86666668066977,834.3333333658497,0.0,9.333333333333371,optimal,none
University Hospitals Bristol and Weston NHS Foundation Trust,G&A Paediatric,143.0,117.66666666666669,29.41666668694889,117.66666671340471,0.0,0.0,optimal,none
University Hospitals Coventry and Warwickshire NHS Trust,Critical Care Adult,44.0,36.666666666666664,18.33333375075929,36.66666711458166,0.0,0.6666666666666643,optimal,none
University Hospitals Coventry and Warwickshire NHS Trust,G&A Adult,1029.0,1014.0,202.80000057239118,1014.0000018275755,0.0,4.0,optimal,none
University Hospitals Coventry and Warwickshire NHS Trust,G&A Paediatric,59.0,43.0,10.750000194384821,43.00000019738644,0.0,0.0,optimal,none
University Hospitals Dorset NHS Foundation Trust,Critical Care Adult,22.0,17.333333333333332,8.66666669847475,17.333333377453496,0.0,0.0,optimal,none
University Hospitals Dorset NHS Foundation Trust,G&A Adult,1102.0,1029.0,205.80000002218821,1029.0000000504897,0.0,0.0,optimal,none
University Hospitals Dorset NHS Foundation Trust,G&A Paediatric,26.0,16.0,4.000000014487783,16.000000018894433,0.0,0.0,optimal,none
University Hospitals Plymouth NHS Trust,Critical Care Adult,46.0,29.333333333333332,14.666666794513715,29.333333389059728,0.0,0.0,optimal,none
University Hospitals Plymouth NHS Trust,G&A Adult,1017.0,966.3333333333334,193.26666688294324,966.3333338734298,0.0,0.0,optimal,none
University Hospitals Plymouth NHS Trust,G&A Paediatric,63.0,22.0,5.500000140653905,22.000000253890484,0.0,0.0,optimal,none
University Hospitals Sussex NHS Foundation Trust,Critical Care Adult,62.0,58.666666666666664,29.33333343307023,58.666666824789004,0.0,2.6666666666666643,optimal,none
University Hospitals Sussex NHS Foundation Trust,G&A Adult,1752.0,1646.6666666666667,329.33333340785293,1646.666666838052,0.0,0.0,optimal,none
University Hospitals Sussex NHS Foundation Trust,G&A Paediatric,87.0,72.33333333333333,18.08333337367192,72.33333340091743,0.0,0.0,optimal,none
University Hospitals of Derby and Burton NHS Foundation Trust,Critical Care Adult,52.0,44.666666666666664,22.333333378464605,44.666666722480734,0.0,0.6666666666666643,optimal,none
University Hospitals of Derby and Burton NHS Foundation Trust,G&A Adult,1437.0,1352.0,270.40000002558327,1352.0000000551765,0.0,0.0,optimal,none
University Hospitals of Derby and Burton NHS Foundation Trust,G&A Paediatric,40.0,24.666666666666668,6.166666678322188,24.66666667681225,0.0,0.0,optimal,none
University Hospitals of Leicester NHS Trust,Critical Care Adult,86.0,55.333333333333336,27.666667505393615,55.33333422964335,0.0,1.3333333333333357,optimal,none
University Hospitals of Leicester NHS Trust,G&A Adult,1679.0,1512.0,302.4000006134063,1512.0000012310718,0.0,12.0,optimal,none
University Hospitals of Leicester NHS Trust,G&A Paediatric,119.0,85.66666666666667,21.41666685984996,85.66666722467943,0.0,0.0,optimal,none
University Hospitals of Morecambe Bay NHS Foundation Trust,Critical Care Adult,14.0,9.666666666666666,4.833333441090545,9.666666853804289,0.0,1.666666666666666,optimal,none
University Hospitals of Morecambe Bay NHS Foundation Trust,G&A Adult,560.0,534.3333333333334,106.8666668728245,534.3333338501952,0.0,0.0,optimal,none
University Hospitals of Morecambe Bay NHS Foundation Trust,G&A Paediatric,33.0,14.666666666666666,3.6666668725268945,14.666667084990156,0.0,0.0,optimal,none
University Hospitals of North Midlands NHS Trust,Critical Care Adult,66.0,56.666666666666664,28.333335423838687,56.666669124661105,0.0,0.6666666666666643,optimal,none
University Hospitals of North Midlands NHS Trust,G&A Adult,1336.0,1236.0,247.20000109619014,1236.0000023640007,0.0,0.0,optimal,none
University Hospitals of North Midlands NHS Trust,G&A Paediatric,66.0,46.333333333333336,11.583334020453206,46.33333384792049,0.0,0.0,optimal,none
Walsall Healthcare NHS Trust,Critical Care Adult,13.0,10.333333333333334,5.166672288432525,10.333338061535143,0.0,0.3333333333333339,optimal,none
Walsall Healthcare NHS Trust,G&A Adult,503.0,515.6666666666666,100.60000646732418,503.0000000968713,12.666666472683335,20.66666666666663,optimal,none
Walsall Healthcare NHS Trust,G&A Paediatric,45.0,29.666666666666668,7.416673092718139,29.666679839334826,0.0,0.0,optimal,none
Warrington and Halton Teaching Hospitals NHS Foundation Trust,Critical Care Adult,17.0,15.0,7.500000432671313,15.000000444316905,0.0,1.0,optimal,none
Warrington and Halton Teaching Hospitals NHS Foundation Trust,G&A Adult,546.0,525.0,105.00000030704867,525.0000007746506,0.0,0.0,optimal,none
Warrington and Halton Teaching Hospitals NHS Foundation Trust,G&A Paediatric,40.0,20.0,5.0000003122445955,20.000000788332816,0.0,0.0,optimal,none
West Hertfordshire Teaching Hospitals NHS Trust,Critical Care Adult,19.0,13.0,6.500000119494619,13.000000043358254,0.0,0.0,optimal,none
West Hertfordshire Teaching Hospitals NHS Trust,G&A Adult,586.0,537.3333333333334,107.46666688018153,537.3333338109583,0.0,0.0,optimal,none
West Hertfordshire Teaching Hospitals NHS Trust,G&A Paediatric,38.0,20.333333333333332,5.083333521909113,20.333333715889466,0.0,0.0,optimal,none
West Suffolk NHS Foundation Trust,Critical Care Adult,16.0,14.0,7.000000709235931,14.000000879550065,0.0,0.0,optimal,none
West Suffolk NHS Foundation Trust,G&A Adult,455.0,433.6666666666667,86.73333374263628,433.66666764814374,0.0,3.6666666666666856,optimal,none
West Suffolk NHS Foundation Trust,G&A Paediatric,15.0,11.666666666666666,2.9166668913226927,11.666666830970701,0.0,0.0,optimal,none
Whittington Health NHS Trust,Critical Care Adult,11.0,10.666666666666666,5.3333335971926426,10.666666820037184,0.0,0.6666666666666661,optimal,none
Whittington Health NHS Trust,G&A Adult,249.0,249.0,49.80000018771556,249.00000000174091,0.0,9.0,optimal,none
Whittington Health NHS Trust,G&A Paediatric,17.0,14.666666666666666,3.666667033433215,14.66666736709112,0.0,0.0,optimal,none
Wirral University Teaching Hospital NHS Foundation Trust,Critical Care Adult,18.0,11.666666666666666,5.833333346722228,11.666666676268441,0.0,0.0,optimal,none
Wirral University Teaching Hospital NHS Foundation Trust,G&A Adult,752.0,687.6666666666666,137.53333335715803,687.666666718799,0.0,0.0,optimal,none
Wirral University Teaching Hospital NHS Foundation Trust,G&A Paediatric,19.0,12.0,3.000000009345903,12.000000026130666,0.0,0.0,optimal,none
Worcestershire Acute Hospitals NHS Trust,Critical Care Adult,15.0,13.333333333333334,6.666676307335191,13.333345682868606,0.0,1.333333333333334,optimal,none
Worcestershire Acute Hospitals NHS Trust,G&A Adult,671.0,788.0,134.20000505622778,671.000000058112,116.99999988304268,153.0,optimal,none
Worcestershire Acute Hospitals NHS Trust,G&A Paediatric,25.0,21.333333333333332,5.333335315688964,21.333335976845493,0.0,1.3333333333333321,optimal,none
"Wrightington, Wigan and Leigh NHS Foundation Trust",Critical Care Adult,11.0,7.0,3.500000045317882,7.000000017571741,0.0,0.0,optimal,none
"Wrightington, Wigan and Leigh NHS Foundation Trust",G&A Adult,440.0,424.6666666666667,84.93333342215422,424.66666691532765,0.0,4.666666666666686,optimal,none
Wye Valley NHS Trust,Critical Care Adult,8.0,5.333333333333333,2.6666666723304986,5.333333337500155,0.0,0.0,optimal,none
Wye Valley NHS Trust,G&A Adult,336.0,317.0,63.40000000862626,317.0000000202285,0.0,0.0,optimal,none
Wye Valley NHS Trust,G&A Paediatric,15.0,13.333333333333334,3.333333343962593,13.33333336788723,0.0,0.0,optimal,none
York and Scarborough Teaching Hospitals NHS Foundation Trust,Critical Care Adult,31.0,13.333333333333334,6.66666708613171,13.333333773635973,0.0,0.0,optimal,none
York and Scarborough Teaching Hospitals NHS Foundation Trust,G&A Adult,840.0,810.0,162.00000049134374,810.0000013739729,0.0,10.0,optimal,none
York and Scarborough Teaching Hospitals NHS Foundation Trust,G&A Paediatric,40.0,18.666666666666668,4.666666875858085,18.666666807294035,0.0,0.0,optimal,none
